Condition,Session,Responses,Subject,Group,Junk Col
Baseline,1,979,Z3,Sal_Sal,junk2
Baseline,2,928,Z3,Sal_Sal,junk3
Baseline,3,1050,Z3,Sal_Sal,junk4
Baseline,4,1237,Z3,Sal_Sal,junk5
Baseline,5,1688,Z3,Sal_Sal,junk6
Baseline,6,1139,Z3,Sal_Sal,junk7
Baseline,7,1202,Z3,Sal_Sal,junk8
Baseline,8,1104,Z3,Sal_Sal,junk9
Baseline,9,1528,Z3,Sal_Sal,junk10
Baseline,10,1129,Z3,Sal_Sal,junk11
Baseline,11,1527,Z3,Sal_Sal,junk12
Baseline,12,1371,Z3,Sal_Sal,junk13
Baseline,13,1636,Z3,Sal_Sal,junk14
Baseline,14,1664,Z3,Sal_Sal,junk15
Treatment,15,1114,Z3,Sal_Sal,junk16
Treatment,16,1808,Z3,Sal_Sal,junk17
Treatment,17,1570,Z3,Sal_Sal,junk18
Treatment,18,1900,Z3,Sal_Sal,junk19
Treatment,19,1871,Z3,Sal_Sal,junk20
Treatment,20,1984,Z3,Sal_Sal,junk21
Treatment,21,1944,Z3,Sal_Sal,junk22
Extinction,22,637,Z3,Sal_Sal,junk23
Extinction,23,413,Z3,Sal_Sal,junk24
Extinction,24,242,Z3,Sal_Sal,junk25
Extinction,25,98,Z3,Sal_Sal,junk26
Extinction,26,66,Z3,Sal_Sal,junk27
Extinction,27,41,Z3,Sal_Sal,junk28
Extinction,28,52,Z3,Sal_Sal,junk29
Extinction,29,72,Z3,Sal_Sal,junk30
Extinction,30,50,Z3,Sal_Sal,junk31
Extinction,31,27,Z3,Sal_Sal,junk32
Reinstatement,32,126,Z3,Sal_Sal,junk33
Baseline,1,714,Z5,Sal_Sal,junk34
Baseline,2,642,Z5,Sal_Sal,junk35
Baseline,3,698,Z5,Sal_Sal,junk36
Baseline,4,767,Z5,Sal_Sal,junk37
Baseline,5,1134,Z5,Sal_Sal,junk38
Baseline,6,1067,Z5,Sal_Sal,junk39
Baseline,7,1066,Z5,Sal_Sal,junk40
Baseline,8,1253,Z5,Sal_Sal,junk41
Baseline,9,1271,Z5,Sal_Sal,junk42
Baseline,10,1039,Z5,Sal_Sal,junk43
Baseline,11,1057,Z5,Sal_Sal,junk44
Baseline,12,948,Z5,Sal_Sal,junk45
Baseline,13,885,Z5,Sal_Sal,junk46
Baseline,14,1119,Z5,Sal_Sal,junk47
Treatment,15,1457,Z5,Sal_Sal,junk48
Treatment,16,1625,Z5,Sal_Sal,junk49
Treatment,17,1985,Z5,Sal_Sal,junk50
Treatment,18,2118,Z5,Sal_Sal,junk51
Treatment,19,1736,Z5,Sal_Sal,junk52
Treatment,20,1833,Z5,Sal_Sal,junk53
Treatment,21,1380,Z5,Sal_Sal,junk54
Extinction,22,697,Z5,Sal_Sal,junk55
Extinction,23,605,Z5,Sal_Sal,junk56
Extinction,24,284,Z5,Sal_Sal,junk57
Extinction,25,111,Z5,Sal_Sal,junk58
Extinction,26,26,Z5,Sal_Sal,junk59
Extinction,27,55,Z5,Sal_Sal,junk60
Extinction,28,17,Z5,Sal_Sal,junk61
Extinction,29,21,Z5,Sal_Sal,junk62
Extinction,30,18,Z5,Sal_Sal,junk63
Extinction,31,20,Z5,Sal_Sal,junk64
Reinstatement,32,24,Z5,Sal_Sal,junk65
Baseline,1,767,Z7,Sal_Sal,junk66
Baseline,2,1173,Z7,Sal_Sal,junk67
Baseline,3,1538,Z7,Sal_Sal,junk68
Baseline,4,1507,Z7,Sal_Sal,junk69
Baseline,5,2280,Z7,Sal_Sal,junk70
Baseline,6,2293,Z7,Sal_Sal,junk71
Baseline,7,2799,Z7,Sal_Sal,junk72
Baseline,8,2505,Z7,Sal_Sal,junk73
Baseline,9,2655,Z7,Sal_Sal,junk74
Baseline,10,2656,Z7,Sal_Sal,junk75
Baseline,11,2651,Z7,Sal_Sal,junk76
Baseline,12,2866,Z7,Sal_Sal,junk77
Baseline,13,2667,Z7,Sal_Sal,junk78
Baseline,14,3837,Z7,Sal_Sal,junk79
Treatment,15,3878,Z7,Sal_Sal,junk80
Treatment,16,3778,Z7,Sal_Sal,junk81
Treatment,17,3469,Z7,Sal_Sal,junk82
Treatment,18,3972,Z7,Sal_Sal,junk83
Treatment,19,4444,Z7,Sal_Sal,junk84
Treatment,20,4306,Z7,Sal_Sal,junk85
Treatment,21,4607,Z7,Sal_Sal,junk86
Extinction,22,2497,Z7,Sal_Sal,junk87
Extinction,23,176,Z7,Sal_Sal,junk88
Extinction,24,99,Z7,Sal_Sal,junk89
Extinction,25,92,Z7,Sal_Sal,junk90
Extinction,26,46,Z7,Sal_Sal,junk91
Extinction,27,78,Z7,Sal_Sal,junk92
Extinction,28,31,Z7,Sal_Sal,junk93
Extinction,29,49,Z7,Sal_Sal,junk94
Extinction,30,23,Z7,Sal_Sal,junk95
Extinction,31,15,Z7,Sal_Sal,junk96
Reinstatement,32,21,Z7,Sal_Sal,junk97
Baseline,1,602,Z12,Sal_Sal,junk98
Baseline,2,670,Z12,Sal_Sal,junk99
Baseline,3,625,Z12,Sal_Sal,junk100
Baseline,4,943,Z12,Sal_Sal,junk101
Baseline,5,998,Z12,Sal_Sal,junk102
Baseline,6,1169,Z12,Sal_Sal,junk103
Baseline,7,1126,Z12,Sal_Sal,junk104
Baseline,8,1051,Z12,Sal_Sal,junk105
Baseline,9,1135,Z12,Sal_Sal,junk106
Baseline,10,1371,Z12,Sal_Sal,junk107
Baseline,11,1432,Z12,Sal_Sal,junk108
Baseline,12,1461,Z12,Sal_Sal,junk109
Baseline,13,1474,Z12,Sal_Sal,junk110
Baseline,14,1739,Z12,Sal_Sal,junk111
Treatment,15,1768,Z12,Sal_Sal,junk112
Treatment,16,1925,Z12,Sal_Sal,junk113
Treatment,17,2635,Z12,Sal_Sal,junk114
Treatment,18,3013,Z12,Sal_Sal,junk115
Treatment,19,2383,Z12,Sal_Sal,junk116
Treatment,20,2578,Z12,Sal_Sal,junk117
Treatment,21,3427,Z12,Sal_Sal,junk118
Extinction,22,1361,Z12,Sal_Sal,junk119
Extinction,23,623,Z12,Sal_Sal,junk120
Extinction,24,119,Z12,Sal_Sal,junk121
Extinction,25,31,Z12,Sal_Sal,junk122
Extinction,26,40,Z12,Sal_Sal,junk123
Extinction,27,56,Z12,Sal_Sal,junk124
Extinction,28,30,Z12,Sal_Sal,junk125
Extinction,29,91,Z12,Sal_Sal,junk126
Extinction,30,125,Z12,Sal_Sal,junk127
Extinction,31,58,Z12,Sal_Sal,junk128
Reinstatement,32,43,Z12,Sal_Sal,junk129
Baseline,1,808,Z13,Sal_Sal,junk130
Baseline,2,1016,Z13,Sal_Sal,junk131
Baseline,3,1229,Z13,Sal_Sal,junk132
Baseline,4,1573,Z13,Sal_Sal,junk133
Baseline,5,1905,Z13,Sal_Sal,junk134
Baseline,6,1960,Z13,Sal_Sal,junk135
Baseline,7,2063,Z13,Sal_Sal,junk136
Baseline,8,1984,Z13,Sal_Sal,junk137
Baseline,9,2091,Z13,Sal_Sal,junk138
Baseline,10,2420,Z13,Sal_Sal,junk139
Baseline,11,2707,Z13,Sal_Sal,junk140
Baseline,12,2237,Z13,Sal_Sal,junk141
Baseline,13,2855,Z13,Sal_Sal,junk142
Baseline,14,2688,Z13,Sal_Sal,junk143
Treatment,15,3453,Z13,Sal_Sal,junk144
Treatment,16,3489,Z13,Sal_Sal,junk145
Treatment,17,4214,Z13,Sal_Sal,junk146
Treatment,18,4210,Z13,Sal_Sal,junk147
Treatment,19,4413,Z13,Sal_Sal,junk148
Treatment,20,5067,Z13,Sal_Sal,junk149
Treatment,21,4556,Z13,Sal_Sal,junk150
Extinction,22,1900,Z13,Sal_Sal,junk151
Extinction,23,824,Z13,Sal_Sal,junk152
Extinction,24,481,Z13,Sal_Sal,junk153
Extinction,25,196,Z13,Sal_Sal,junk154
Extinction,26,47,Z13,Sal_Sal,junk155
Extinction,27,189,Z13,Sal_Sal,junk156
Extinction,28,41,Z13,Sal_Sal,junk157
Extinction,29,67,Z13,Sal_Sal,junk158
Extinction,30,49,Z13,Sal_Sal,junk159
Extinction,31,50,Z13,Sal_Sal,junk160
Reinstatement,32,137,Z13,Sal_Sal,junk161
Baseline,1,680,Z20,Sal_Sal,junk162
Baseline,2,983,Z20,Sal_Sal,junk163
Baseline,3,1046,Z20,Sal_Sal,junk164
Baseline,4,1577,Z20,Sal_Sal,junk165
Baseline,5,1865,Z20,Sal_Sal,junk166
Baseline,6,2481,Z20,Sal_Sal,junk167
Baseline,7,2230,Z20,Sal_Sal,junk168
Baseline,8,2252,Z20,Sal_Sal,junk169
Baseline,9,2335,Z20,Sal_Sal,junk170
Baseline,10,2262,Z20,Sal_Sal,junk171
Baseline,11,2439,Z20,Sal_Sal,junk172
Baseline,12,2336,Z20,Sal_Sal,junk173
Baseline,13,2957,Z20,Sal_Sal,junk174
Baseline,14,2277,Z20,Sal_Sal,junk175
Treatment,15,1988,Z20,Sal_Sal,junk176
Treatment,16,2286,Z20,Sal_Sal,junk177
Treatment,17,2035,Z20,Sal_Sal,junk178
Treatment,18,2155,Z20,Sal_Sal,junk179
Treatment,19,2800,Z20,Sal_Sal,junk180
Treatment,20,2586,Z20,Sal_Sal,junk181
Treatment,21,3263,Z20,Sal_Sal,junk182
Extinction,22,1582,Z20,Sal_Sal,junk183
Extinction,23,794,Z20,Sal_Sal,junk184
Extinction,24,225,Z20,Sal_Sal,junk185
Extinction,25,40,Z20,Sal_Sal,junk186
Extinction,26,65,Z20,Sal_Sal,junk187
Extinction,27,178,Z20,Sal_Sal,junk188
Extinction,28,116,Z20,Sal_Sal,junk189
Extinction,29,70,Z20,Sal_Sal,junk190
Extinction,30,38,Z20,Sal_Sal,junk191
Extinction,31,23,Z20,Sal_Sal,junk192
Reinstatement,32,208,Z20,Sal_Sal,junk193
Baseline,1,931,Z24,Sal_Sal,junk194
Baseline,2,1089,Z24,Sal_Sal,junk195
Baseline,3,1297,Z24,Sal_Sal,junk196
Baseline,4,1134,Z24,Sal_Sal,junk197
Baseline,5,1711,Z24,Sal_Sal,junk198
Baseline,6,1176,Z24,Sal_Sal,junk199
Baseline,7,1401,Z24,Sal_Sal,junk200
Baseline,8,1470,Z24,Sal_Sal,junk201
Baseline,9,1699,Z24,Sal_Sal,junk202
Baseline,10,2163,Z24,Sal_Sal,junk203
Baseline,11,1986,Z24,Sal_Sal,junk204
Baseline,12,2326,Z24,Sal_Sal,junk205
Baseline,13,2420,Z24,Sal_Sal,junk206
Baseline,14,2333,Z24,Sal_Sal,junk207
Treatment,15,1885,Z24,Sal_Sal,junk208
Treatment,16,2963,Z24,Sal_Sal,junk209
Treatment,17,3570,Z24,Sal_Sal,junk210
Treatment,18,3347,Z24,Sal_Sal,junk211
Treatment,19,2805,Z24,Sal_Sal,junk212
Treatment,20,3052,Z24,Sal_Sal,junk213
Treatment,21,2695,Z24,Sal_Sal,junk214
Extinction,22,1344,Z24,Sal_Sal,junk215
Extinction,23,403,Z24,Sal_Sal,junk216
Extinction,24,188,Z24,Sal_Sal,junk217
Extinction,25,50,Z24,Sal_Sal,junk218
Extinction,26,28,Z24,Sal_Sal,junk219
Extinction,27,70,Z24,Sal_Sal,junk220
Extinction,28,54,Z24,Sal_Sal,junk221
Extinction,29,44,Z24,Sal_Sal,junk222
Extinction,30,20,Z24,Sal_Sal,junk223
Extinction,31,56,Z24,Sal_Sal,junk224
Reinstatement,32,58,Z24,Sal_Sal,junk225
Baseline,1,533,Z1,Amp_Sal,junk226
Baseline,2,693,Z1,Amp_Sal,junk227
Baseline,3,585,Z1,Amp_Sal,junk228
Baseline,4,644,Z1,Amp_Sal,junk229
Baseline,5,766,Z1,Amp_Sal,junk230
Baseline,6,528,Z1,Amp_Sal,junk231
Baseline,7,506,Z1,Amp_Sal,junk232
Baseline,8,779,Z1,Amp_Sal,junk233
Baseline,9,519,Z1,Amp_Sal,junk234
Baseline,10,782,Z1,Amp_Sal,junk235
Baseline,11,422,Z1,Amp_Sal,junk236
Baseline,12,355,Z1,Amp_Sal,junk237
Baseline,13,531,Z1,Amp_Sal,junk238
Baseline,14,614,Z1,Amp_Sal,junk239
Treatment,15,1169,Z1,Amp_Sal,junk240
Treatment,16,2143,Z1,Amp_Sal,junk241
Treatment,17,1608,Z1,Amp_Sal,junk242
Treatment,18,2249,Z1,Amp_Sal,junk243
Treatment,19,2102,Z1,Amp_Sal,junk244
Treatment,20,1318,Z1,Amp_Sal,junk245
Treatment,21,1487,Z1,Amp_Sal,junk246
Extinction,22,318,Z1,Amp_Sal,junk247
Extinction,23,145,Z1,Amp_Sal,junk248
Extinction,24,200,Z1,Amp_Sal,junk249
Extinction,25,86,Z1,Amp_Sal,junk250
Extinction,26,153,Z1,Amp_Sal,junk251
Extinction,27,102,Z1,Amp_Sal,junk252
Extinction,28,98,Z1,Amp_Sal,junk253
Extinction,29,85,Z1,Amp_Sal,junk254
Extinction,30,98,Z1,Amp_Sal,junk255
Extinction,31,81,Z1,Amp_Sal,junk256
Reinstatement,32,1708,Z1,Amp_Sal,junk257
Baseline,1,514,Z2,Amp_Sal,junk258
Baseline,2,482,Z2,Amp_Sal,junk259
Baseline,3,570,Z2,Amp_Sal,junk260
Baseline,4,628,Z2,Amp_Sal,junk261
Baseline,5,786,Z2,Amp_Sal,junk262
Baseline,6,448,Z2,Amp_Sal,junk263
Baseline,7,1070,Z2,Amp_Sal,junk264
Baseline,8,1236,Z2,Amp_Sal,junk265
Baseline,9,1559,Z2,Amp_Sal,junk266
Baseline,10,1325,Z2,Amp_Sal,junk267
Baseline,11,1196,Z2,Amp_Sal,junk268
Baseline,12,1632,Z2,Amp_Sal,junk269
Baseline,13,1553,Z2,Amp_Sal,junk270
Baseline,14,1954,Z2,Amp_Sal,junk271
Treatment,15,1192,Z2,Amp_Sal,junk272
Treatment,16,2242,Z2,Amp_Sal,junk273
Treatment,17,1687,Z2,Amp_Sal,junk274
Treatment,18,1810,Z2,Amp_Sal,junk275
Treatment,19,1382,Z2,Amp_Sal,junk276
Treatment,20,1484,Z2,Amp_Sal,junk277
Treatment,21,1384,Z2,Amp_Sal,junk278
Extinction,22,434,Z2,Amp_Sal,junk279
Extinction,23,187,Z2,Amp_Sal,junk280
Extinction,24,150,Z2,Amp_Sal,junk281
Extinction,25,57,Z2,Amp_Sal,junk282
Extinction,26,125,Z2,Amp_Sal,junk283
Extinction,27,47,Z2,Amp_Sal,junk284
Extinction,28,89,Z2,Amp_Sal,junk285
Extinction,29,120,Z2,Amp_Sal,junk286
Extinction,30,79,Z2,Amp_Sal,junk287
Extinction,31,80,Z2,Amp_Sal,junk288
Reinstatement,32,603,Z2,Amp_Sal,junk289
Baseline,1,925,Z4,Amp_Sal,junk290
Baseline,2,1191,Z4,Amp_Sal,junk291
Baseline,3,1428,Z4,Amp_Sal,junk292
Baseline,4,1421,Z4,Amp_Sal,junk293
Baseline,5,1870,Z4,Amp_Sal,junk294
Baseline,6,2300,Z4,Amp_Sal,junk295
Baseline,7,1905,Z4,Amp_Sal,junk296
Baseline,8,2313,Z4,Amp_Sal,junk297
Baseline,9,2353,Z4,Amp_Sal,junk298
Baseline,10,2365,Z4,Amp_Sal,junk299
Baseline,11,2792,Z4,Amp_Sal,junk300
Baseline,12,2431,Z4,Amp_Sal,junk301
Baseline,13,2900,Z4,Amp_Sal,junk302
Baseline,14,2595,Z4,Amp_Sal,junk303
Treatment,15,2210,Z4,Amp_Sal,junk304
Treatment,16,3119,Z4,Amp_Sal,junk305
Treatment,17,1963,Z4,Amp_Sal,junk306
Treatment,18,1298,Z4,Amp_Sal,junk307
Treatment,19,651,Z4,Amp_Sal,junk308
Treatment,20,1014,Z4,Amp_Sal,junk309
Treatment,21,1527,Z4,Amp_Sal,junk310
Extinction,22,630,Z4,Amp_Sal,junk311
Extinction,23,338,Z4,Amp_Sal,junk312
Extinction,24,320,Z4,Amp_Sal,junk313
Extinction,25,218,Z4,Amp_Sal,junk314
Extinction,26,74,Z4,Amp_Sal,junk315
Extinction,27,111,Z4,Amp_Sal,junk316
Extinction,28,67,Z4,Amp_Sal,junk317
Extinction,29,103,Z4,Amp_Sal,junk318
Extinction,30,65,Z4,Amp_Sal,junk319
Extinction,31,50,Z4,Amp_Sal,junk320
Reinstatement,32,1000,Z4,Amp_Sal,junk321
Baseline,1,960,Z9,Amp_Sal,junk322
Baseline,2,1524,Z9,Amp_Sal,junk323
Baseline,3,1778,Z9,Amp_Sal,junk324
Baseline,4,2143,Z9,Amp_Sal,junk325
Baseline,5,2924,Z9,Amp_Sal,junk326
Baseline,6,3004,Z9,Amp_Sal,junk327
Baseline,7,3202,Z9,Amp_Sal,junk328
Baseline,8,3110,Z9,Amp_Sal,junk329
Baseline,9,3173,Z9,Amp_Sal,junk330
Baseline,10,3357,Z9,Amp_Sal,junk331
Baseline,11,4298,Z9,Amp_Sal,junk332
Baseline,12,4354,Z9,Amp_Sal,junk333
Baseline,13,4683,Z9,Amp_Sal,junk334
Baseline,14,4620,Z9,Amp_Sal,junk335
Treatment,15,2894,Z9,Amp_Sal,junk336
Treatment,16,2822,Z9,Amp_Sal,junk337
Treatment,17,3193,Z9,Amp_Sal,junk338
Treatment,18,2522,Z9,Amp_Sal,junk339
Treatment,19,2528,Z9,Amp_Sal,junk340
Treatment,20,1433,Z9,Amp_Sal,junk341
Treatment,21,241,Z9,Amp_Sal,junk342
Extinction,22,721,Z9,Amp_Sal,junk343
Extinction,23,608,Z9,Amp_Sal,junk344
Extinction,24,401,Z9,Amp_Sal,junk345
Extinction,25,202,Z9,Amp_Sal,junk346
Extinction,26,217,Z9,Amp_Sal,junk347
Extinction,27,194,Z9,Amp_Sal,junk348
Extinction,28,108,Z9,Amp_Sal,junk349
Extinction,29,119,Z9,Amp_Sal,junk350
Extinction,30,49,Z9,Amp_Sal,junk351
Extinction,31,75,Z9,Amp_Sal,junk352
Reinstatement,32,939,Z9,Amp_Sal,junk353
Baseline,1,780,Z11,Amp_Sal,junk354
Baseline,2,832,Z11,Amp_Sal,junk355
Baseline,3,698,Z11,Amp_Sal,junk356
Baseline,4,978,Z11,Amp_Sal,junk357
Baseline,5,1238,Z11,Amp_Sal,junk358
Baseline,6,935,Z11,Amp_Sal,junk359
Baseline,7,890,Z11,Amp_Sal,junk360
Baseline,8,1406,Z11,Amp_Sal,junk361
Baseline,9,1685,Z11,Amp_Sal,junk362
Baseline,10,1636,Z11,Amp_Sal,junk363
Baseline,11,1757,Z11,Amp_Sal,junk364
Baseline,12,1822,Z11,Amp_Sal,junk365
Baseline,13,1876,Z11,Amp_Sal,junk366
Baseline,14,2028,Z11,Amp_Sal,junk367
Treatment,15,2566,Z11,Amp_Sal,junk368
Treatment,16,2087,Z11,Amp_Sal,junk369
Treatment,17,850,Z11,Amp_Sal,junk370
Treatment,18,96,Z11,Amp_Sal,junk371
Treatment,19,109,Z11,Amp_Sal,junk372
Treatment,20,203,Z11,Amp_Sal,junk373
Treatment,21,82,Z11,Amp_Sal,junk374
Extinction,22,554,Z11,Amp_Sal,junk375
Extinction,23,377,Z11,Amp_Sal,junk376
Extinction,24,286,Z11,Amp_Sal,junk377
Extinction,25,156,Z11,Amp_Sal,junk378
Extinction,26,95,Z11,Amp_Sal,junk379
Extinction,27,44,Z11,Amp_Sal,junk380
Extinction,28,31,Z11,Amp_Sal,junk381
Extinction,29,72,Z11,Amp_Sal,junk382
Extinction,30,50,Z11,Amp_Sal,junk383
Extinction,31,55,Z11,Amp_Sal,junk384
Reinstatement,32,11,Z11,Amp_Sal,junk385
Baseline,1,1215,Z18,Amp_Sal,junk386
Baseline,2,1369,Z18,Amp_Sal,junk387
Baseline,3,1941,Z18,Amp_Sal,junk388
Baseline,4,2200,Z18,Amp_Sal,junk389
Baseline,5,1920,Z18,Amp_Sal,junk390
Baseline,6,2279,Z18,Amp_Sal,junk391
Baseline,7,2678,Z18,Amp_Sal,junk392
Baseline,8,2903,Z18,Amp_Sal,junk393
Baseline,9,2817,Z18,Amp_Sal,junk394
Baseline,10,2793,Z18,Amp_Sal,junk395
Baseline,11,3034,Z18,Amp_Sal,junk396
Baseline,12,3210,Z18,Amp_Sal,junk397
Baseline,13,3340,Z18,Amp_Sal,junk398
Baseline,14,3079,Z18,Amp_Sal,junk399
Treatment,15,3809,Z18,Amp_Sal,junk400
Treatment,16,3089,Z18,Amp_Sal,junk401
Treatment,17,1734,Z18,Amp_Sal,junk402
Treatment,18,566,Z18,Amp_Sal,junk403
Treatment,19,465,Z18,Amp_Sal,junk404
Treatment,20,249,Z18,Amp_Sal,junk405
Treatment,21,199,Z18,Amp_Sal,junk406
Extinction,22,748,Z18,Amp_Sal,junk407
Extinction,23,411,Z18,Amp_Sal,junk408
Extinction,24,329,Z18,Amp_Sal,junk409
Extinction,25,194,Z18,Amp_Sal,junk410
Extinction,26,135,Z18,Amp_Sal,junk411
Extinction,27,74,Z18,Amp_Sal,junk412
Extinction,28,105,Z18,Amp_Sal,junk413
Extinction,29,32,Z18,Amp_Sal,junk414
Extinction,30,58,Z18,Amp_Sal,junk415
Extinction,31,141,Z18,Amp_Sal,junk416
Reinstatement,32,75,Z18,Amp_Sal,junk417
Baseline,1,773,Z22,Amp_Sal,junk418
Baseline,2,855,Z22,Amp_Sal,junk419
Baseline,3,919,Z22,Amp_Sal,junk420
Baseline,4,1089,Z22,Amp_Sal,junk421
Baseline,5,1285,Z22,Amp_Sal,junk422
Baseline,6,1301,Z22,Amp_Sal,junk423
Baseline,7,1342,Z22,Amp_Sal,junk424
Baseline,8,1665,Z22,Amp_Sal,junk425
Baseline,9,1646,Z22,Amp_Sal,junk426
Baseline,10,1763,Z22,Amp_Sal,junk427
Baseline,11,2060,Z22,Amp_Sal,junk428
Baseline,12,1937,Z22,Amp_Sal,junk429
Baseline,13,1795,Z22,Amp_Sal,junk430
Baseline,14,1698,Z22,Amp_Sal,junk431
Treatment,15,1420,Z22,Amp_Sal,junk432
Treatment,16,1009,Z22,Amp_Sal,junk433
Treatment,17,641,Z22,Amp_Sal,junk434
Treatment,18,625,Z22,Amp_Sal,junk435
Treatment,19,644,Z22,Amp_Sal,junk436
Treatment,20,1066,Z22,Amp_Sal,junk437
Treatment,21,523,Z22,Amp_Sal,junk438
Extinction,22,167,Z22,Amp_Sal,junk439
Extinction,23,98,Z22,Amp_Sal,junk440
Extinction,24,123,Z22,Amp_Sal,junk441
Extinction,25,79,Z22,Amp_Sal,junk442
Extinction,26,59,Z22,Amp_Sal,junk443
Extinction,27,52,Z22,Amp_Sal,junk444
Extinction,28,37,Z22,Amp_Sal,junk445
Extinction,29,42,Z22,Amp_Sal,junk446
Extinction,30,20,Z22,Amp_Sal,junk447
Extinction,31,19,Z22,Amp_Sal,junk448
Reinstatement,32,53,Z22,Amp_Sal,junk449
Baseline,1,707,Z6,Sal_Amp,junk450
Baseline,2,719,Z6,Sal_Amp,junk451
Baseline,3,757,Z6,Sal_Amp,junk452
Baseline,4,891,Z6,Sal_Amp,junk453
Baseline,5,742,Z6,Sal_Amp,junk454
Baseline,6,1074,Z6,Sal_Amp,junk455
Baseline,7,891,Z6,Sal_Amp,junk456
Baseline,8,1029,Z6,Sal_Amp,junk457
Baseline,9,1094,Z6,Sal_Amp,junk458
Baseline,10,1652,Z6,Sal_Amp,junk459
Baseline,11,1471,Z6,Sal_Amp,junk460
Baseline,12,1440,Z6,Sal_Amp,junk461
Baseline,13,1241,Z6,Sal_Amp,junk462
Baseline,14,1832,Z6,Sal_Amp,junk463
Treatment,15,1525,Z6,Sal_Amp,junk464
Treatment,16,1319,Z6,Sal_Amp,junk465
Treatment,17,1286,Z6,Sal_Amp,junk466
Treatment,18,865,Z6,Sal_Amp,junk467
Treatment,19,546,Z6,Sal_Amp,junk468
Treatment,20,651,Z6,Sal_Amp,junk469
Treatment,21,1024,Z6,Sal_Amp,junk470
Extinction,22,483,Z6,Sal_Amp,junk471
Extinction,23,223,Z6,Sal_Amp,junk472
Extinction,24,88,Z6,Sal_Amp,junk473
Extinction,25,86,Z6,Sal_Amp,junk474
Extinction,26,49,Z6,Sal_Amp,junk475
Extinction,27,78,Z6,Sal_Amp,junk476
Extinction,28,38,Z6,Sal_Amp,junk477
Extinction,29,101,Z6,Sal_Amp,junk478
Extinction,30,27,Z6,Sal_Amp,junk479
Extinction,31,33,Z6,Sal_Amp,junk480
Reinstatement,32,384,Z6,Sal_Amp,junk481
Baseline,1,538,Z8,Sal_Amp,junk482
Baseline,2,813,Z8,Sal_Amp,junk483
Baseline,3,1065,Z8,Sal_Amp,junk484
Baseline,4,1187,Z8,Sal_Amp,junk485
Baseline,5,1219,Z8,Sal_Amp,junk486
Baseline,6,1857,Z8,Sal_Amp,junk487
Baseline,7,1981,Z8,Sal_Amp,junk488
Baseline,8,2027,Z8,Sal_Amp,junk489
Baseline,9,2210,Z8,Sal_Amp,junk490
Baseline,10,1833,Z8,Sal_Amp,junk491
Baseline,11,2174,Z8,Sal_Amp,junk492
Baseline,12,2250,Z8,Sal_Amp,junk493
Baseline,13,2353,Z8,Sal_Amp,junk494
Baseline,14,2444,Z8,Sal_Amp,junk495
Treatment,15,2297,Z8,Sal_Amp,junk496
Treatment,16,2986,Z8,Sal_Amp,junk497
Treatment,17,2215,Z8,Sal_Amp,junk498
Treatment,18,1702,Z8,Sal_Amp,junk499
Treatment,19,1250,Z8,Sal_Amp,junk500
Treatment,20,833,Z8,Sal_Amp,junk501
Treatment,21,669,Z8,Sal_Amp,junk502
Extinction,22,735,Z8,Sal_Amp,junk503
Extinction,23,583,Z8,Sal_Amp,junk504
Extinction,24,207,Z8,Sal_Amp,junk505
Extinction,25,43,Z8,Sal_Amp,junk506
Extinction,26,42,Z8,Sal_Amp,junk507
Extinction,27,56,Z8,Sal_Amp,junk508
Extinction,28,33,Z8,Sal_Amp,junk509
Extinction,29,28,Z8,Sal_Amp,junk510
Extinction,30,26,Z8,Sal_Amp,junk511
Extinction,31,21,Z8,Sal_Amp,junk512
Reinstatement,32,174,Z8,Sal_Amp,junk513
Baseline,1,768,Z10,Sal_Amp,junk514
Baseline,2,1000,Z10,Sal_Amp,junk515
Baseline,3,1464,Z10,Sal_Amp,junk516
Baseline,4,1649,Z10,Sal_Amp,junk517
Baseline,5,2031,Z10,Sal_Amp,junk518
Baseline,6,1992,Z10,Sal_Amp,junk519
Baseline,7,1941,Z10,Sal_Amp,junk520
Baseline,8,2644,Z10,Sal_Amp,junk521
Baseline,9,2156,Z10,Sal_Amp,junk522
Baseline,10,3090,Z10,Sal_Amp,junk523
Baseline,11,3284,Z10,Sal_Amp,junk524
Baseline,12,3708,Z10,Sal_Amp,junk525
Baseline,13,3747,Z10,Sal_Amp,junk526
Baseline,14,3982,Z10,Sal_Amp,junk527
Treatment,15,2915,Z10,Sal_Amp,junk528
Treatment,16,1843,Z10,Sal_Amp,junk529
Treatment,17,144,Z10,Sal_Amp,junk530
Treatment,18,3763,Z10,Sal_Amp,junk531
Treatment,19,2704,Z10,Sal_Amp,junk532
Treatment,20,2549,Z10,Sal_Amp,junk533
Treatment,21,3227,Z10,Sal_Amp,junk534
Extinction,22,404,Z10,Sal_Amp,junk535
Extinction,23,258,Z10,Sal_Amp,junk536
Extinction,24,19,Z10,Sal_Amp,junk537
Extinction,25,1,Z10,Sal_Amp,junk538
Extinction,26,1,Z10,Sal_Amp,junk539
Extinction,27,3,Z10,Sal_Amp,junk540
Extinction,28,0,Z10,Sal_Amp,junk541
Extinction,29,3,Z10,Sal_Amp,junk542
Extinction,30,7,Z10,Sal_Amp,junk543
Extinction,31,7,Z10,Sal_Amp,junk544
Reinstatement,32,266,Z10,Sal_Amp,junk545
Baseline,1,691,Z15,Sal_Amp,junk546
Baseline,2,912,Z15,Sal_Amp,junk547
Baseline,3,1259,Z15,Sal_Amp,junk548
Baseline,4,1308,Z15,Sal_Amp,junk549
Baseline,5,1846,Z15,Sal_Amp,junk550
Baseline,6,2181,Z15,Sal_Amp,junk551
Baseline,7,2307,Z15,Sal_Amp,junk552
Baseline,8,1983,Z15,Sal_Amp,junk553
Baseline,9,1851,Z15,Sal_Amp,junk554
Baseline,10,1765,Z15,Sal_Amp,junk555
Baseline,11,1893,Z15,Sal_Amp,junk556
Baseline,12,1809,Z15,Sal_Amp,junk557
Baseline,13,1820,Z15,Sal_Amp,junk558
Baseline,14,2592,Z15,Sal_Amp,junk559
Treatment,15,2504,Z15,Sal_Amp,junk560
Treatment,16,2541,Z15,Sal_Amp,junk561
Treatment,17,1856,Z15,Sal_Amp,junk562
Treatment,18,1505,Z15,Sal_Amp,junk563
Treatment,19,1705,Z15,Sal_Amp,junk564
Treatment,20,1772,Z15,Sal_Amp,junk565
Treatment,21,2011,Z15,Sal_Amp,junk566
Extinction,22,1168,Z15,Sal_Amp,junk567
Extinction,23,453,Z15,Sal_Amp,junk568
Extinction,24,183,Z15,Sal_Amp,junk569
Extinction,25,72,Z15,Sal_Amp,junk570
Extinction,26,128,Z15,Sal_Amp,junk571
Extinction,27,66,Z15,Sal_Amp,junk572
Extinction,28,112,Z15,Sal_Amp,junk573
Extinction,29,23,Z15,Sal_Amp,junk574
Extinction,30,42,Z15,Sal_Amp,junk575
Extinction,31,53,Z15,Sal_Amp,junk576
Reinstatement,32,39,Z15,Sal_Amp,junk577
Baseline,1,885,Z16,Sal_Amp,junk578
Baseline,2,965,Z16,Sal_Amp,junk579
Baseline,3,972,Z16,Sal_Amp,junk580
Baseline,4,1000,Z16,Sal_Amp,junk581
Baseline,5,1048,Z16,Sal_Amp,junk582
Baseline,6,966,Z16,Sal_Amp,junk583
Baseline,7,840,Z16,Sal_Amp,junk584
Baseline,8,925,Z16,Sal_Amp,junk585
Baseline,9,1118,Z16,Sal_Amp,junk586
Baseline,10,973,Z16,Sal_Amp,junk587
Baseline,11,1099,Z16,Sal_Amp,junk588
Baseline,12,1094,Z16,Sal_Amp,junk589
Baseline,13,983,Z16,Sal_Amp,junk590
Baseline,14,1210,Z16,Sal_Amp,junk591
Treatment,15,1090,Z16,Sal_Amp,junk592
Treatment,16,1335,Z16,Sal_Amp,junk593
Treatment,17,973,Z16,Sal_Amp,junk594
Treatment,18,975,Z16,Sal_Amp,junk595
Treatment,19,1048,Z16,Sal_Amp,junk596
Treatment,20,883,Z16,Sal_Amp,junk597
Treatment,21,1224,Z16,Sal_Amp,junk598
Extinction,22,419,Z16,Sal_Amp,junk599
Extinction,23,359,Z16,Sal_Amp,junk600
Extinction,24,216,Z16,Sal_Amp,junk601
Extinction,25,85,Z16,Sal_Amp,junk602
Extinction,26,41,Z16,Sal_Amp,junk603
Extinction,27,43,Z16,Sal_Amp,junk604
Extinction,28,40,Z16,Sal_Amp,junk605
Extinction,29,36,Z16,Sal_Amp,junk606
Extinction,30,20,Z16,Sal_Amp,junk607
Extinction,31,37,Z16,Sal_Amp,junk608
Reinstatement,32,56,Z16,Sal_Amp,junk609
Baseline,1,1240,Z17,Sal_Amp,junk610
Baseline,2,1689,Z17,Sal_Amp,junk611
Baseline,3,1902,Z17,Sal_Amp,junk612
Baseline,4,1907,Z17,Sal_Amp,junk613
Baseline,5,1617,Z17,Sal_Amp,junk614
Baseline,6,2463,Z17,Sal_Amp,junk615
Baseline,7,1932,Z17,Sal_Amp,junk616
Baseline,8,2506,Z17,Sal_Amp,junk617
Baseline,9,1892,Z17,Sal_Amp,junk618
Baseline,10,2741,Z17,Sal_Amp,junk619
Baseline,11,2437,Z17,Sal_Amp,junk620
Baseline,12,3080,Z17,Sal_Amp,junk621
Baseline,13,3081,Z17,Sal_Amp,junk622
Baseline,14,3343,Z17,Sal_Amp,junk623
Treatment,15,41,Z17,Sal_Amp,junk624
Treatment,16,2964,Z17,Sal_Amp,junk625
Treatment,17,3437,Z17,Sal_Amp,junk626
Treatment,18,4018,Z17,Sal_Amp,junk627
Treatment,19,3724,Z17,Sal_Amp,junk628
Treatment,20,3708,Z17,Sal_Amp,junk629
Treatment,21,3725,Z17,Sal_Amp,junk630
Extinction,22,2192,Z17,Sal_Amp,junk631
Extinction,23,723,Z17,Sal_Amp,junk632
Extinction,24,412,Z17,Sal_Amp,junk633
Extinction,25,192,Z17,Sal_Amp,junk634
Extinction,26,303,Z17,Sal_Amp,junk635
Extinction,27,348,Z17,Sal_Amp,junk636
Extinction,28,308,Z17,Sal_Amp,junk637
Extinction,29,124,Z17,Sal_Amp,junk638
Extinction,30,116,Z17,Sal_Amp,junk639
Extinction,31,236,Z17,Sal_Amp,junk640
Reinstatement,32,34,Z17,Sal_Amp,junk641
Baseline,1,803,Z21,Sal_Amp,junk642
Baseline,2,728,Z21,Sal_Amp,junk643
Baseline,3,915,Z21,Sal_Amp,junk644
Baseline,4,969,Z21,Sal_Amp,junk645
Baseline,5,954,Z21,Sal_Amp,junk646
Baseline,6,1144,Z21,Sal_Amp,junk647
Baseline,7,1127,Z21,Sal_Amp,junk648
Baseline,8,1057,Z21,Sal_Amp,junk649
Baseline,9,819,Z21,Sal_Amp,junk650
Baseline,10,996,Z21,Sal_Amp,junk651
Baseline,11,1132,Z21,Sal_Amp,junk652
Baseline,12,1099,Z21,Sal_Amp,junk653
Baseline,13,980,Z21,Sal_Amp,junk654
Baseline,14,1070,Z21,Sal_Amp,junk655
Treatment,15,1110,Z21,Sal_Amp,junk656
Treatment,16,1415,Z21,Sal_Amp,junk657
Treatment,17,1509,Z21,Sal_Amp,junk658
Treatment,18,1415,Z21,Sal_Amp,junk659
Treatment,19,1098,Z21,Sal_Amp,junk660
Treatment,20,1244,Z21,Sal_Amp,junk661
Treatment,21,1161,Z21,Sal_Amp,junk662
Extinction,22,455,Z21,Sal_Amp,junk663
Extinction,23,173,Z21,Sal_Amp,junk664
Extinction,24,89,Z21,Sal_Amp,junk665
Extinction,25,68,Z21,Sal_Amp,junk666
Extinction,26,31,Z21,Sal_Amp,junk667
Extinction,27,32,Z21,Sal_Amp,junk668
Extinction,28,18,Z21,Sal_Amp,junk669
Extinction,29,17,Z21,Sal_Amp,junk670
Extinction,30,12,Z21,Sal_Amp,junk671
Extinction,31,11,Z21,Sal_Amp,junk672
Reinstatement,32,52,Z21,Sal_Amp,junk673
Baseline,1,945,Z23,Sal_Amp,junk674
Baseline,2,1192,Z23,Sal_Amp,junk675
Baseline,3,1188,Z23,Sal_Amp,junk676
Baseline,4,1653,Z23,Sal_Amp,junk677
Baseline,5,1810,Z23,Sal_Amp,junk678
Baseline,6,1988,Z23,Sal_Amp,junk679
Baseline,7,2180,Z23,Sal_Amp,junk680
Baseline,8,2072,Z23,Sal_Amp,junk681
Baseline,9,1951,Z23,Sal_Amp,junk682
Baseline,10,1700,Z23,Sal_Amp,junk683
Baseline,11,1698,Z23,Sal_Amp,junk684
Baseline,12,1791,Z23,Sal_Amp,junk685
Baseline,13,2145,Z23,Sal_Amp,junk686
Baseline,14,2197,Z23,Sal_Amp,junk687
Treatment,15,2540,Z23,Sal_Amp,junk688
Treatment,16,2789,Z23,Sal_Amp,junk689
Treatment,17,2471,Z23,Sal_Amp,junk690
Treatment,18,2917,Z23,Sal_Amp,junk691
Treatment,19,2880,Z23,Sal_Amp,junk692
Treatment,20,2492,Z23,Sal_Amp,junk693
Treatment,21,2731,Z23,Sal_Amp,junk694
Extinction,22,792,Z23,Sal_Amp,junk695
Extinction,23,373,Z23,Sal_Amp,junk696
Extinction,24,237,Z23,Sal_Amp,junk697
Extinction,25,64,Z23,Sal_Amp,junk698
Extinction,26,89,Z23,Sal_Amp,junk699
Extinction,27,108,Z23,Sal_Amp,junk700
Extinction,28,82,Z23,Sal_Amp,junk701
Extinction,29,105,Z23,Sal_Amp,junk702
Extinction,30,43,Z23,Sal_Amp,junk703
Extinction,31,60,Z23,Sal_Amp,junk704
Reinstatement,32,180,Z23,Sal_Amp,junk705
